{
  "open": 0.82203,
  "predicted_high": 0.82863,
  "predicted_low": 0.82122,
  "predictions": {
    "-40": 27.58,
    "-38": 29.91,
    "-36": 32.43,
    "-34": 35.16,
    "-32": 38.12,
    "-30": 41.33,
    "-28": 44.81,
    "-26": 48.59,
    "-24": 52.68,
    "-22": 57.11,
    "-20": 61.92,
    "-18": 67.14,
    "-16": 72.8,
    "-14": 78.93,
    "-12": 85.57,
    "-10": 92.78,
    "-8": 100.0,
    "-6": 100.0,
    "-4": 100.0,
    "-2": 100.0,
    "0": 100.0,
    "2": 100.0,
    "4": 100.0,
    "6": 100.0,
    "8": 100.0,
    "10": 100.0,
    "12": 100.0,
    "14": 100.0,
    "16": 100.0,
    "18": 100.0,
    "20": 100.0,
    "22": 100.0,
    "24": 100.0,
    "26": 100.0,
    "28": 100.0,
    "30": 100.0,
    "32": 100.0,
    "34": 100.0,
    "36": 100.0,
    "38": 100.0,
    "40": 100.0
  },
  "decision": "buy",
  "next_datetime": "2025-05-07 00:00:00"
}