{
  "open": 0.64919,
  "predicted_high": 0.65401,
  "predicted_low": 0.64866,
  "predictions": {
    "-40": 14.27,
    "-38": 15.96,
    "-36": 17.85,
    "-34": 19.97,
    "-32": 22.34,
    "-30": 24.99,
    "-28": 27.96,
    "-26": 31.28,
    "-24": 34.99,
    "-22": 39.14,
    "-20": 43.78,
    "-18": 48.98,
    "-16": 54.79,
    "-14": 61.29,
    "-12": 68.56,
    "-10": 76.69,
    "-8": 85.79,
    "-6": 95.97,
    "-4": 100.0,
    "-2": 100.0,
    "0": 100.0,
    "2": 100.0,
    "4": 100.0,
    "6": 100.0,
    "8": 100.0,
    "10": 100.0,
    "12": 100.0,
    "14": 100.0,
    "16": 100.0,
    "18": 100.0,
    "20": 100.0,
    "22": 100.0,
    "24": 100.0,
    "26": 100.0,
    "28": 100.0,
    "30": 100.0,
    "32": 100.0,
    "34": 100.0,
    "36": 100.0,
    "38": 100.0,
    "40": 100.0
  },
  "decision": "buy",
  "next_datetime": "2025-05-07 00:00:00"
}