{
  "open": 1.33732,
  "predicted_high": 1.34406,
  "predicted_low": 1.33641,
  "predictions": {
    "-40": 29.82,
    "-38": 32.25,
    "-36": 34.88,
    "-34": 37.73,
    "-32": 40.8,
    "-30": 44.13,
    "-28": 47.73,
    "-26": 51.62,
    "-24": 55.83,
    "-22": 60.39,
    "-20": 65.31,
    "-18": 70.64,
    "-16": 76.4,
    "-14": 82.63,
    "-12": 89.37,
    "-10": 96.66,
    "-8": 100.0,
    "-6": 100.0,
    "-4": 100.0,
    "-2": 100.0,
    "0": 100.0,
    "2": 100.0,
    "4": 100.0,
    "6": 100.0,
    "8": 100.0,
    "10": 100.0,
    "12": 100.0,
    "14": 100.0,
    "16": 100.0,
    "18": 100.0,
    "20": 100.0,
    "22": 100.0,
    "24": 100.0,
    "26": 100.0,
    "28": 100.0,
    "30": 100.0,
    "32": 100.0,
    "34": 100.0,
    "36": 100.0,
    "38": 100.0,
    "40": 100.0
  },
  "decision": "buy",
  "next_datetime": "2025-05-07 00:00:00"
}