{
  "open": 1.13675,
  "predicted_high": 1.14241,
  "predicted_low": 1.13586,
  "predictions": {
    "-40": 24.09,
    "-38": 26.41,
    "-36": 28.94,
    "-34": 31.71,
    "-32": 34.75,
    "-30": 38.08,
    "-28": 41.74,
    "-26": 45.74,
    "-24": 50.12,
    "-22": 54.93,
    "-20": 60.2,
    "-18": 65.97,
    "-16": 72.29,
    "-14": 79.22,
    "-12": 86.82,
    "-10": 95.15,
    "-8": 100.0,
    "-6": 100.0,
    "-4": 100.0,
    "-2": 100.0,
    "0": 100.0,
    "2": 100.0,
    "4": 100.0,
    "6": 100.0,
    "8": 100.0,
    "10": 100.0,
    "12": 100.0,
    "14": 100.0,
    "16": 100.0,
    "18": 100.0,
    "20": 100.0,
    "22": 100.0,
    "24": 100.0,
    "26": 100.0,
    "28": 100.0,
    "30": 100.0,
    "32": 100.0,
    "34": 100.0,
    "36": 100.0,
    "38": 100.0,
    "40": 100.0
  },
  "decision": "buy",
  "next_datetime": "2025-05-07 00:00:00"
}