{
  "open": 1.84096,
  "predicted_high": 1.85166,
  "predicted_low": 1.83936,
  "predictions": {
    "-40": 55.63,
    "-38": 58.41,
    "-36": 61.33,
    "-34": 64.4,
    "-32": 67.62,
    "-30": 71.01,
    "-28": 74.56,
    "-26": 78.29,
    "-24": 82.2,
    "-22": 86.31,
    "-20": 90.63,
    "-18": 95.17,
    "-16": 99.93,
    "-14": 100.0,
    "-12": 100.0,
    "-10": 100.0,
    "-8": 100.0,
    "-6": 100.0,
    "-4": 100.0,
    "-2": 100.0,
    "0": 100.0,
    "2": 100.0,
    "4": 100.0,
    "6": 100.0,
    "8": 100.0,
    "10": 100.0,
    "12": 100.0,
    "14": 100.0,
    "16": 100.0,
    "18": 100.0,
    "20": 100.0,
    "22": 100.0,
    "24": 100.0,
    "26": 100.0,
    "28": 100.0,
    "30": 100.0,
    "32": 100.0,
    "34": 100.0,
    "36": 100.0,
    "38": 100.0,
    "40": 100.0
  },
  "decision": "buy",
  "next_datetime": "2025-05-07 00:00:00"
}