{
  "open": 0.82687,
  "predicted_high": 0.83341,
  "predicted_low": 0.82575,
  "predictions": {
    "-40": 32.29,
    "-38": 34.92,
    "-36": 37.77,
    "-34": 40.85,
    "-32": 44.18,
    "-30": 47.78,
    "-28": 51.67,
    "-26": 55.89,
    "-24": 60.44,
    "-22": 65.37,
    "-20": 70.7,
    "-18": 76.46,
    "-16": 82.7,
    "-14": 89.44,
    "-12": 96.73,
    "-10": 100.0,
    "-8": 100.0,
    "-6": 100.0,
    "-4": 100.0,
    "-2": 100.0,
    "0": 100.0,
    "2": 100.0,
    "4": 100.0,
    "6": 100.0,
    "8": 100.0,
    "10": 100.0,
    "12": 100.0,
    "14": 100.0,
    "16": 100.0,
    "18": 100.0,
    "20": 100.0,
    "22": 100.0,
    "24": 100.0,
    "26": 100.0,
    "28": 100.0,
    "30": 100.0,
    "32": 100.0,
    "34": 100.0,
    "36": 100.0,
    "38": 100.0,
    "40": 100.0
  },
  "decision": "buy",
  "next_datetime": "2025-05-07 00:00:00"
}