{
  "open": 0.60052,
  "predicted_high": 0.60458,
  "predicted_low": 0.59978,
  "predictions": {
    "-40": 12.96,
    "-38": 14.69,
    "-36": 16.65,
    "-34": 18.87,
    "-32": 21.39,
    "-30": 24.24,
    "-28": 27.48,
    "-26": 31.14,
    "-24": 35.3,
    "-22": 40.01,
    "-20": 45.34,
    "-18": 51.39,
    "-16": 58.25,
    "-14": 66.01,
    "-12": 74.82,
    "-10": 84.8,
    "-8": 96.11,
    "-6": 100.0,
    "-4": 100.0,
    "-2": 100.0,
    "0": 100.0,
    "2": 100.0,
    "4": 100.0,
    "6": 100.0,
    "8": 100.0,
    "10": 100.0,
    "12": 100.0,
    "14": 100.0,
    "16": 100.0,
    "18": 100.0,
    "20": 100.0,
    "22": 100.0,
    "24": 100.0,
    "26": 100.0,
    "28": 100.0,
    "30": 100.0,
    "32": 100.0,
    "34": 100.0,
    "36": 100.0,
    "38": 100.0,
    "40": 100.0
  },
  "decision": "buy",
  "next_datetime": "2025-05-07 00:00:00"
}