{
  "open": 1.7502,
  "predicted_high": 1.76405,
  "predicted_low": 1.74761,
  "predictions": {
    "-40": 77.38,
    "-38": 80.26,
    "-36": 83.24,
    "-34": 86.33,
    "-32": 89.54,
    "-30": 92.86,
    "-28": 96.32,
    "-26": 99.89,
    "-24": 100.0,
    "-22": 100.0,
    "-20": 100.0,
    "-18": 100.0,
    "-16": 100.0,
    "-14": 100.0,
    "-12": 100.0,
    "-10": 100.0,
    "-8": 100.0,
    "-6": 100.0,
    "-4": 100.0,
    "-2": 100.0,
    "0": 100.0,
    "2": 100.0,
    "4": 100.0,
    "6": 100.0,
    "8": 100.0,
    "10": 100.0,
    "12": 100.0,
    "14": 100.0,
    "16": 100.0,
    "18": 100.0,
    "20": 100.0,
    "22": 100.0,
    "24": 100.0,
    "26": 100.0,
    "28": 100.0,
    "30": 100.0,
    "32": 100.0,
    "34": 100.0,
    "36": 100.0,
    "38": 100.0,
    "40": 100.0
  },
  "decision": "buy",
  "next_datetime": "2025-05-07 00:00:00"
}