{
  "open": 0.84885,
  "predicted_high": 0.85135,
  "predicted_low": 0.84826,
  "predictions": {
    "-40": 3.62,
    "-38": 4.4,
    "-36": 5.35,
    "-34": 6.49,
    "-32": 7.89,
    "-30": 9.58,
    "-28": 11.63,
    "-26": 14.12,
    "-24": 17.15,
    "-22": 20.83,
    "-20": 25.3,
    "-18": 30.73,
    "-16": 37.32,
    "-14": 45.32,
    "-12": 55.04,
    "-10": 66.85,
    "-8": 81.18,
    "-6": 98.6,
    "-4": 100.0,
    "-2": 100.0,
    "0": 100.0,
    "2": 100.0,
    "4": 100.0,
    "6": 100.0,
    "8": 100.0,
    "10": 100.0,
    "12": 100.0,
    "14": 100.0,
    "16": 100.0,
    "18": 100.0,
    "20": 100.0,
    "22": 100.0,
    "24": 100.0,
    "26": 90.95,
    "28": 74.89,
    "30": 61.66,
    "32": 50.77,
    "34": 41.81,
    "36": 34.42,
    "38": 28.35,
    "40": 23.34
  },
  "decision": "buy",
  "next_datetime": "2025-05-07 00:00:00"
}