{
  "open": 1.37728,
  "predicted_high": 1.38291,
  "predicted_low": 1.37525,
  "predictions": {
    "-40": 46.25,
    "-38": 50.02,
    "-36": 54.1,
    "-34": 58.5,
    "-32": 63.27,
    "-30": 68.42,
    "-28": 73.99,
    "-26": 80.02,
    "-24": 86.54,
    "-22": 93.59,
    "-20": 100.0,
    "-18": 100.0,
    "-16": 100.0,
    "-14": 100.0,
    "-12": 100.0,
    "-10": 100.0,
    "-8": 100.0,
    "-6": 100.0,
    "-4": 100.0,
    "-2": 100.0,
    "0": 100.0,
    "2": 100.0,
    "4": 100.0,
    "6": 100.0,
    "8": 100.0,
    "10": 100.0,
    "12": 100.0,
    "14": 100.0,
    "16": 100.0,
    "18": 100.0,
    "20": 100.0,
    "22": 100.0,
    "24": 100.0,
    "26": 100.0,
    "28": 100.0,
    "30": 100.0,
    "32": 100.0,
    "34": 100.0,
    "36": 100.0,
    "38": 100.0,
    "40": 100.0
  },
  "decision": "buy",
  "next_datetime": "2025-05-07 00:00:00"
}