{
  "open": 1.07996,
  "predicted_high": 1.08375,
  "predicted_low": 1.07877,
  "predictions": {
    "-40": 18.37,
    "-38": 20.73,
    "-36": 23.38,
    "-34": 26.38,
    "-32": 29.76,
    "-30": 33.58,
    "-28": 37.88,
    "-26": 42.73,
    "-24": 48.21,
    "-22": 54.39,
    "-20": 61.36,
    "-18": 69.22,
    "-16": 78.09,
    "-14": 88.1,
    "-12": 99.39,
    "-10": 100.0,
    "-8": 100.0,
    "-6": 100.0,
    "-4": 100.0,
    "-2": 100.0,
    "0": 100.0,
    "2": 100.0,
    "4": 100.0,
    "6": 100.0,
    "8": 100.0,
    "10": 100.0,
    "12": 100.0,
    "14": 100.0,
    "16": 100.0,
    "18": 100.0,
    "20": 100.0,
    "22": 100.0,
    "24": 100.0,
    "26": 100.0,
    "28": 100.0,
    "30": 100.0,
    "32": 100.0,
    "34": 100.0,
    "36": 100.0,
    "38": 99.16,
    "40": 87.9
  },
  "decision": "buy",
  "next_datetime": "2025-05-07 00:00:00"
}