{
  "open": 0.89382,
  "predicted_high": 0.90044,
  "predicted_low": 0.89282,
  "predictions": {
    "-40": 30.7,
    "-38": 33.21,
    "-36": 35.93,
    "-34": 38.87,
    "-32": 42.05,
    "-30": 45.5,
    "-28": 49.22,
    "-26": 53.26,
    "-24": 57.62,
    "-22": 62.33,
    "-20": 67.44,
    "-18": 72.96,
    "-16": 78.94,
    "-14": 85.4,
    "-12": 92.39,
    "-10": 99.96,
    "-8": 100.0,
    "-6": 100.0,
    "-4": 100.0,
    "-2": 100.0,
    "0": 100.0,
    "2": 100.0,
    "4": 100.0,
    "6": 100.0,
    "8": 100.0,
    "10": 100.0,
    "12": 100.0,
    "14": 100.0,
    "16": 100.0,
    "18": 100.0,
    "20": 100.0,
    "22": 100.0,
    "24": 100.0,
    "26": 100.0,
    "28": 100.0,
    "30": 100.0,
    "32": 100.0,
    "34": 100.0,
    "36": 100.0,
    "38": 100.0,
    "40": 100.0
  },
  "decision": "buy",
  "next_datetime": "2025-05-07 00:00:00"
}