{
  "open": 1.5655,
  "predicted_high": 1.57365,
  "predicted_low": 1.56447,
  "predictions": {
    "-40": 37.82,
    "-38": 40.38,
    "-36": 43.11,
    "-34": 46.02,
    "-32": 49.13,
    "-30": 52.45,
    "-28": 55.99,
    "-26": 59.77,
    "-24": 63.81,
    "-22": 68.12,
    "-20": 72.73,
    "-18": 77.64,
    "-16": 82.89,
    "-14": 88.49,
    "-12": 94.46,
    "-10": 100.0,
    "-8": 100.0,
    "-6": 100.0,
    "-4": 100.0,
    "-2": 100.0,
    "0": 100.0,
    "2": 100.0,
    "4": 100.0,
    "6": 100.0,
    "8": 100.0,
    "10": 100.0,
    "12": 100.0,
    "14": 100.0,
    "16": 100.0,
    "18": 100.0,
    "20": 100.0,
    "22": 100.0,
    "24": 100.0,
    "26": 100.0,
    "28": 100.0,
    "30": 100.0,
    "32": 100.0,
    "34": 100.0,
    "36": 100.0,
    "38": 100.0,
    "40": 100.0
  },
  "decision": "buy",
  "next_datetime": "2025-05-07 00:00:00"
}